Generator,Average,KS Test,Z Test,Chi Squared Test,Product of successive values,Correlation Coefficient
HWRNG,0.4993089453125,0.004793725490196077,16.531762122564583,1.7223314285714286,0.25080743033497166,-0.00556402472735659
